{
  "accuracy": 0.5114155251141552,
  "precision": 0.5217391304347826,
  "recall": 0.6371681415929203,
  "f1": 0.5737051792828686,
  "confusion_matrix": [
    [
      40,
      66
    ],
    [
      41,
      72
    ]
  ]
}