{
  "accuracy": 0.502283105022831,
  "precision": 0.5285714285714286,
  "recall": 0.3274336283185841,
  "f1": 0.40437158469945356,
  "confusion_matrix": [
    [
      73,
      33
    ],
    [
      76,
      37
    ]
  ]
}