{
    "accuracy": 0.7945205479452054,
    "precision": 0.7266666666666667,
    "recall": 0.9646017699115044,
    "f1": 0.8288973384030418,
    "confusion_matrix": [
        [
            65,
            41
        ],
        [
            4,
            109
        ]
    ],
    "classification_report": "              precision    recall  f1-score   support\n\n           0       0.94      0.61      0.74       106\n           1       0.73      0.96      0.83       113\n\n    accuracy                           0.79       219\n   macro avg       0.83      0.79      0.79       219\nweighted avg       0.83      0.79      0.79       219\n"
}